<?xml version="1.0" encoding="UTF-8"?>
<project-private xmlns="http://www.netbeans.org/ns/project-private/1">
    <editor-bookmarks xmlns="http://www.netbeans.org/ns/editor-bookmarks/2" lastBookmarkId="0"/>
    <open-files xmlns="http://www.netbeans.org/ns/projectui-open-files/2">
        <group>
            <file>file:/C:/MAMP/htdocs/phpproject/success.php</file>
            <file>file:/C:/MAMP/htdocs/phpproject/login.php</file>
            <file>file:/C:/MAMP/htdocs/phpproject/signup.php</file>
            <file>file:/C:/MAMP/htdocs/phpproject/index.php</file>
            <file>file:/C:/MAMP/htdocs/phpproject/products.php</file>
            <file>file:/C:/MAMP/htdocs/phpproject/cart.php</file>
            <file>file:/C:/MAMP/htdocs/phpproject/includes/footer.php</file>
            <file>file:/C:/MAMP/htdocs/phpproject/includes/header.php</file>
            <file>file:/C:/MAMP/htdocs/phpproject/signup_script.php</file>
            <file>file:/C:/MAMP/htdocs/phpproject/includes/common.php</file>
            <file>file:/C:/MAMP/htdocs/phpproject/settings.php</file>
            <file>file:/C:/MAMP/htdocs/phpproject/login_submit.php</file>
        </group>
    </open-files>
</project-private>
